model,RMSE,MAE,R2
Ridge_Regression,0.22754857246779975,0.17200382410409323,0.9985170455166483
XGBoost,0.2751591666893607,0.19248588905334477,0.9978315592413248
Gradient_Boosting,0.2779393192699711,0.19206972462729938,0.9977875188984034
Random_Forest,0.7729552370495398,0.5709647584922298,0.9828884922304466
